{
  "I have a dog, my [MASK] is cute.\n": {
    "7": {
      "words": [
        "dad",
        "mom",
        "husband",
        "cat",
        "boyfriend"
      ],
      "scores": [
        9.344655990600586,
        9.24299430847168,
        8.592103958129883,
        8.381598472595215,
        8.314824104309082
      ]
    }
  },
  "My dog is [MASK].\n": {
    "4": {
      "words": [
        "dead",
        "here",
        "fine",
        "gone",
        "missing"
      ],
      "scores": [
        8.09083080291748,
        7.782842636108398,
        7.595186233520508,
        7.455324649810791,
        6.803045272827148
      ]
    }
  },
  "My dog is [MASK], my dog is cute.": {
    "4": {
      "words": [
        "cute",
        "nice",
        "hot",
        "big",
        "happy"
      ],
      "scores": [
        8.818741798400879,
        7.659913063049316,
        6.711456298828125,
        6.592130184173584,
        6.586056709289551
      ]
    }
  }
}